"Nstart","Nend.BA.Base","Nend.BA.Deac","Nend.BA.LRest","Diff.BA.Deac.tEnd","Diff.S.Deac.tEnd","Diff.BA.LRest.tEnd","Diff.S.LRest.tEnd"
20,3.46077431534603,7.8150339135572,4.69853579559324,40.3053598531653,10.113981853469,141.788222368131,23.2988965360814
21,3.63381303111333,8.20578560923506,4.93346258537291,38.3860570030145,9.63236366997047,135.036402255363,22.1894252724585
22,3.80685174688063,8.59653730491292,5.16838937515257,36.6412362301502,9.19452895769908,128.898383971029,21.1808150328013
23,3.97989046264793,8.98728900059077,5.40331616493223,35.0481390027524,8.79476682910347,123.294106407071,20.2599100313751
24,4.15292917841523,9.37804069626863,5.63824295471189,33.5877998776377,8.42831821122416,118.156851973443,19.4157471134012
25,4.32596789418253,9.76879239194649,5.87316974449155,32.2442878825322,8.09118548277519,113.430577894505,18.6391172288651
26,4.49900660994983,10.1595440876244,6.10809653427122,31.0041229639733,7.77998604112999,109.067863360101,17.922228104678
27,4.67204532571713,10.5502957833022,6.34302332405088,29.8558221134558,7.49183840997703,105.028312865283,17.2584418785788
28,4.84508404148444,10.9410474789801,6.57795011383054,28.7895427522609,7.22427275247785,101.277301691522,16.6420689543439
29,5.01812275725174,11.3317991746579,6.8128769036102,27.7967998987347,6.97515989894413,97.7849809435389,16.0682045076424
30,5.19116147301904,11.7225508703358,7.04780369338986,26.8702399021102,6.74265456897933,94.5254815787543,15.5325976907209
31,5.36420018878634,12.1133025660137,7.28273048316953,26.003457969784,6.52514958288322,91.4762724955687,15.0315461523106
32,5.53723890455364,12.5040542616915,7.51765727294919,25.1908499082283,6.32123865841812,88.6176389800821,14.5618103350509
33,5.71027762032094,12.8948059573694,7.75258406272885,24.4274908201002,6.12968597179939,85.9322559806857,14.1205433552009
34,5.88331633608824,13.2855576530472,7.98751085250851,23.7090352077443,5.94940109027588,83.4048366871361,13.7052332565185
35,6.05635505185554,13.6763093487251,8.22243764228817,23.0316342018087,5.77941820198228,81.021841353218,13.3136551634751
36,6.22939376762285,14.067061044403,8.45736443206784,22.3918665850918,5.61887880748277,78.7712346489619,12.9438314089341
37,6.40243248339015,14.4578127400808,8.6922912218475,21.786681001711,5.46701721809135,76.6422823611521,12.5939981276116
38,6.57547119915745,14.8485644357587,8.92721801162716,21.2133472911396,5.32314834393105,74.6253801937534,12.2625771242534
39,6.74850991492475,15.2393161314365,9.16214480140682,20.6694153093155,5.18665736075333,72.7119089067341,11.9481520697853
40,6.92154863069205,15.6300678271144,9.39707159118649,20.1526799265826,5.0569909267345,70.8941111840657,11.6494482680407
41,7.09458734645935,16.0208195227923,9.63199838096615,19.6611511478855,4.93364968461902,69.1649865210397,11.3653153834543
42,7.26762606222665,16.4115712184701,9.86692517074581,19.1930285015073,4.81618183498523,67.5182011276816,11.0947126362292
43,7.44066477799395,16.802322914148,10.1018519605255,18.7466790014722,4.70417760626465,65.9480104037821,10.8366960632937
44,7.61370349376126,17.1930746098258,10.3367787503051,18.3206181150751,4.59726447884954,64.4491919855143,10.5904075164006
45,7.78674220952856,17.5838263055037,10.5717055400848,17.9134932680734,4.49510304598622,63.0169877191695,10.3550651271473
46,7.95978092529586,17.9745780011815,10.8066323298645,17.5240695013762,4.39738341455174,61.6470532035354,10.1299550156876
47,8.13281964106316,18.3653296968594,11.0415591196441,17.1512169587937,4.30382206530595,60.3354137736729,9.91442405790699
48,8.30585835683046,18.7560813925373,11.2764859094238,16.7938999388189,4.21415910561208,59.0784259867214,9.70787355670059
49,8.47889707259776,19.1468330882151,11.5114126992034,16.4511672870062,4.12815585855877,57.8727438237271,9.5097536881965
50,8.65193578836506,19.537584783893,11.7463394889831,16.1221439412661,4.0455927413876,56.7152889472526,9.31955861443257
51,8.82497450413236,19.9283364795708,11.9812662787628,15.8060234718295,3.96626739351725,55.6032244580908,9.13682217101232
52,8.99801321989966,20.3190881752487,12.2161930685424,15.5020614819866,3.889993020565,54.5339316800506,8.96111405233901
53,9.17105193566697,20.7098398709266,12.4511198583221,15.2095697559114,3.81659692583736,53.5049895728798,8.79203642870997
54,9.34409065143427,21.1005915666044,12.6860466481018,14.9279110567279,3.74591920498852,52.5141564326413,8.62922093928941
55,9.51712936720157,21.4913432622823,12.9209734378814,14.6564944920601,3.67781158307963,51.5593535884114,8.47232601312052
56,9.69016808296887,21.8820949579601,13.1559002276611,14.3947713761304,3.61213637623893,50.6386508457612,8.32103447717193
57,9.86320679873617,22.272846653638,13.3908270174407,14.1422315274264,3.5487655626207,49.7502534625023,8.17505141616892
58,10.0362455145035,22.6635983493159,13.6257538072204,13.8983999493673,3.48757994947207,48.8924904717695,8.03410225382118
59,10.2092842302708,23.0543500449937,13.8606805970001,13.6628338485306,3.42846842490474,48.0638041925869,7.89793102918014
60,10.3823229460381,23.4451017406716,14.0956073867797,13.4351199510551,3.37132728448966,47.2627407893771,7.76629884536047
61,10.5553616618054,23.8358534363494,14.3305341765594,13.214872083005,3.31605962408819,46.4879417600431,7.63898247084637
62,10.7284003775727,24.2266051320273,14.5654609663391,13.001728984892,3.26257479144161,45.7381362477843,7.5157730761553
63,10.90143909334,24.6173568277052,14.8003877561187,12.7953523343382,3.21078788999016,45.0121340851211,7.3964750908195
64,11.0744778091073,25.008108523383,15.0353145458984,12.5954249541141,3.16061932920906,44.3088194900411,7.28090516752544
65,11.2475165248746,25.3988602190609,15.270241335678,12.4016491855893,3.111994416452,43.6271453440404,7.16889124187121
66,11.4205552406419,25.7896119147387,15.5051681254577,12.2137454100501,3.06484298589969,42.9661279903429,7.06027167760043
67,11.5935939564092,26.1803636104166,15.7400949152374,12.0314507024374,3.01909906073701,42.3248424979497,6.95489448838251
68,11.7666326721765,26.5711153060945,15.975021705017,11.8545176038721,2.97470054513794,41.7024183435681,6.85261662825924
69,11.9396713879438,26.9618670017723,16.2099484947967,11.6827130009175,2.93158894303449,41.0980354690236,6.75330334379172
70,12.1127101037111,27.3526186974502,16.4448752845763,11.5158171009044,2.88970910099114,40.510920676609,6.65682758173755
71,12.2857488194784,27.743370393128,16.679802074356,11.3536224938494,2.84900897280817,39.9403443290511,6.5630694467835
72,12.4587875352457,28.1341220888059,16.9147288641357,11.1959332925459,2.80943940374139,39.385617324481,6.47191570446706
73,12.631826251013,28.5248737844838,17.1496556539153,11.0425643433329,2.77095393245726,38.846088320036,6.38325932495381
74,12.8048649667803,28.9156254801616,17.384582443695,10.8933405008555,2.73350860904567,38.3211411805761,6.29699906380579
75,12.9779036825476,29.3063771758395,17.6195092334747,10.7480959608441,2.69706182759173,37.8101926315017,6.21303907628838
76,13.1509423983149,29.6971288715173,17.8544360232543,10.6066736455698,2.66157417196552,37.3126900968767,6.13128856212669
77,13.3239811140822,30.0878805671952,18.089362813034,10.4689246371858,2.62700827362831,36.8281097060082,6.05166143794323
78,13.4970198298495,30.4786322628731,18.3242896028136,10.3347076546578,2.59332868037666,36.355954453367,5.97407603489267
79,13.6700585456168,30.8693839585509,18.5592163925933,10.2038885704216,2.56050173505544,35.8957524982611,5.89845481926112
80,13.8430972613841,31.2601356542288,18.794143182373,10.0763399632913,2.52849546336725,35.4470555920329,5.82472413402035
81,14.0161359771514,31.6508873499066,19.0290699721526,9.95194070448525,2.49727946999234,35.0094376217608,5.75281395952628
82,14.1891746929187,32.0416390455845,19.2639967619323,9.83057557394275,2.46682484230951,34.5824932605199,5.68265769172717
83,14.362213408686,32.4323907412624,19.498923551712,9.71213490437717,2.43710406107687,34.1658367152124,5.61419193640516
84,14.5352521244533,32.8231424369402,19.7338503414916,9.59651425075363,2.40809091749262,33.7591005638408,5.54735631811462
85,14.7082908402206,33.2138941326181,19.9687771312713,9.48361408309771,2.37976043611035,33.3619346748545,5.48209330260739
86,14.8813295559879,33.6046458282959,20.2037039210509,9.37333950073611,2.35208880313232,32.974005201891,5.41834803164684
87,15.0543682717552,33.9953975239738,20.4386307108306,9.26559996624489,2.32505329964804,32.5949936478463,5.35606816921412
88,15.2274069875225,34.3861492196517,20.6735575006103,9.16030905753756,2.29863223942477,32.2245959927571,5.29520375820032
89,15.4004457032898,34.7769009153295,20.9084842903899,9.05738423666635,2.27280491089191,31.862521880479,5.23570708675987
90,15.5734844190571,35.1676526110074,21.1434110801696,8.95674663403672,2.24755152299311,31.5084938595848,5.17753256357365
91,15.7465231348244,35.5584043066852,21.3783378699493,8.85832084684951,2.22285315460857,31.1622466743146,5.12063660133658
92,15.9195618505917,35.9491560023631,21.6132646597289,8.7620347506881,2.19869170727587,30.8235266017677,5.06497750784379
93,16.092600566359,36.339907698041,21.8481914495086,8.66781932326135,2.17504986096107,30.4920908318562,5.01051538410353
94,16.2656392821263,36.7306593937188,22.0831182392882,8.57560847939686,2.15191103265298,30.1677068868365,4.95721202895349
95,16.4386779978936,37.1214110893967,22.3180450290679,8.48533891645584,2.12925933757242,29.8501520775014,4.90503084970135
96,16.6117167136609,37.5121627850745,22.5529718188476,8.39694996940943,2.10707955280604,29.5392129933607,4.8539367783503
97,16.7847554294282,37.9029144807524,22.7878986086272,8.31038347487944,2.08535708318948,29.234685024357,4.80389619300648
98,16.9577941451955,38.2936661764303,23.0228253984069,8.22558364350311,2.06407792927939,28.9363719118636,4.75487684409825
99,17.1308328609628,38.6844178721081,23.2577521881866,8.14249694003339,2.04322865726646,28.6440853268952,4.70684778506695
100,17.3038715767301,39.075169567786,23.4926789779662,8.06107197063305,2.0227963706938,28.3576444736263,4.65977930721628
101,17.4769102924974,39.4659212634638,23.7276057677459,7.98125937686441,2.00276868385525,28.0768757164617,4.61364287843196
102,17.6499490082647,39.8566729591417,23.9625325575255,7.90301173591476,1.98313369675863,27.8016122290454,4.56841108550616
103,17.822987724032,40.2474246548196,24.1974593473052,7.82628346663403,1.96387997154738,27.5316936637148,4.52405757982164
104,17.9960264397993,40.6381763504974,24.4323861370849,7.75103074099332,1.9449965102825,27.2669658400253,4.4805570261695
105,18.1690651555666,41.0289280461753,24.6673129268645,7.67721140060291,1.92647273399409,27.0072804510727,4.4378850544917
106,18.3421038713339,41.4196797418531,24.9022397166442,7.60478487795571,1.90829846291868,26.7524947864399,4.39601821435498
107,18.5151425871012,41.810431437531,25.1371665064238,7.53371212208696,1.89046389784467,26.5024714706788,4.35493393197784
108,18.6881813028685,42.2011831332089,25.3720932962035,7.46395552836394,1.87295960249426,26.2570782163206,4.31461046964471
109,18.8612200186358,42.5919348288867,25.6070200859832,7.39547887214041,1.85577648687504,26.0161875904828,4.27502688735439
110,19.0342587344031,42.9826865245646,25.8419468757628,7.32824724603005,1.83890579153982,25.7796767942057,4.23616300656026
111,19.2072974501704,43.3734382202424,26.0768736655425,7.26222700057032,1.82233907269712,25.5474274537174,4.19799937587053
112,19.3803361659377,43.7641899159203,26.3118004553222,7.19738568806522,1.80606818811946,25.3193254228806,4.16051723858597
113,19.553374881705,44.1549416115982,26.5467272451018,7.13369200940978,1.79008528379982,25.0952605961295,4.12369850196131
114,19.7264135974723,44.545693307276,26.7816540348815,7.0711157637132,1.77438278131035,24.8751267312511,4.08752570808446
115,19.8994523132396,44.9364450029539,27.0165808246611,7.00962780055048,1.75895336582069,24.6588212814142,4.05198200627503
116,20.0724910290069,45.3271966986317,27.2515076144408,6.94919997468367,1.74378997473603,24.4462452358847,4.01705112691059
117,20.2455297447742,45.7179483943096,27.4864344042205,6.88980510310517,1.72888578691778,24.2373029689114,3.98271735659511
118,20.4185684605416,46.1087000899875,27.7213611940001,6.8314169242653,1.71423421245237,24.0319020962935,3.94896551459007
119,20.5916071763088,46.4994517856653,27.9562879837798,6.77401005935551,1.69982888293597,23.8299533391818,3.91578093043385
120,20.7646458920761,46.8902034813432,28.1912147735595,6.71755997552754,1.68566364224483,23.6313703946886,3.88314942268024
121,20.9376846078435,47.280955177021,28.4261415633391,6.66204295093641,1.67173253776347,23.4360698129143,3.85105727869114
122,21.1107233236108,47.6717068726989,28.6610683531188,6.6074360415025,1.6580298120441,23.2439708800215,3.81949123542318
123,21.2837620393781,48.0624585683768,28.8959951428984,6.55371704929516,1.64454989487301,23.0549955070132,3.78843846115145
124,21.4568007551454,48.4532102640546,29.1309219326781,6.50086449244601,1.63128739572081,22.8690681238922,3.75788653807765
125,21.6298394709127,48.8439619597325,29.3658487224578,6.44885757650644,1.61823709655504,22.686115578901,3.72782344577303
126,21.80287818668,49.2347136554103,29.6007755122374,6.39767616716909,1.60539394499508,22.5060670425605,3.69823754540975
127,21.9759169024473,49.6254653510882,29.8357023020171,6.34730076427799,1.59275304779039,22.3288539162412,3.66911756473723
128,22.1489556182146,50.0162170467661,30.0706290917968,6.29771247705707,1.58030966460453,22.1544097450205,3.64045258376272
129,22.3219943339819,50.4069687424439,30.3055558815764,6.24889300049074,1.56805920208822,21.982670134594,3.61223202109789
130,22.4950330497492,50.7977204381218,30.5404826713561,6.20082459279466,1.555997208226,21.8135726720202,3.5844456209356
131,22.6680717655165,51.1884721337996,30.7754094611357,6.15349005391836,1.54411936694183,21.6470568500964,3.55708344062312
132,22.8411104812838,51.5792238294775,31.0103362509154,6.10687270502504,1.53242149294985,21.4830639951714,3.53013583880022
133,23.0141491970511,51.9699755251553,31.2452630406951,6.06095636889703,1.52089952683744,21.3215371982153,3.50359346407239
134,23.1871879128184,52.3607272208332,31.4801898304747,6.0157253512187,1.50954953036851,21.1624212489748,3.47744724419126
135,23.3602266285857,52.7514789165111,31.7151166202544,5.97116442269115,1.49836768199541,21.0056625730565,3.45168837571577
136,23.533265344353,53.1422306121889,31.9500434100341,5.92725880193607,1.48735027256897,20.851209171784,3.42630831412962
137,23.7063040601203,53.5329823078668,32.1849701998137,5.88399413914821,1.47649370123635,20.6990105646907,3.40129876439145
138,23.8793427758876,53.9237340035447,32.4198969895934,5.84135650045873,1.46579447151725,20.5490177345118,3.37665167189586
139,24.0523814916549,54.3144856992225,32.654823779373,5.79933235297342,1.4552491875495,20.4011830745513,3.35235921382466
140,24.2254202074222,54.7052373949004,32.8897505691527,5.75790855045218,1.44485455049557,20.2554603383045,3.32841379086877
141,24.3984589231895,55.0959890905782,33.1246773589324,5.71707231959791,1.43460735510198,20.1118045912243,3.30480801930233
142,24.5714976389568,55.4867407862561,33.359604148712,5.67681124692468,1.42450448640408,19.9701721645256,3.28153472339175
143,24.7445363547241,55.8774924819339,33.5945309384917,5.63711326617696,1.41454291656909,19.8305206109275,3.25858692812328
144,24.9175750704914,56.2682441776118,33.8294577282714,5.59796664627295,1.40471970187069,19.6928086622405,3.23595785223353
145,25.0906137862587,56.6589958732897,34.064384518051,5.55935997974693,1.39503197978883,19.5569961887078,3.21364090152847
146,25.263652502026,57.0497475689675,34.2993113078307,5.52128217166647,1.38547696622863,19.423044160018,3.19162966247691
147,25.4366912177933,57.4404992646454,34.5342380976103,5.48372242900208,1.37605195285292,19.290914607909,3.1699178960655
148,25.6097299335606,57.8312509603232,34.76916488739,5.44667025042774,1.36675430452284,19.160570590288,3.14849953190289
149,25.7827686493279,58.2220026560011,35.0040916771697,5.41011541653225,1.35758145684148,19.0319761567962,3.12736866256126
150,25.9558073650952,58.612754351679,35.2390184669493,5.37404798042204,1.34853091379587,18.9050963157509,3.10651953814419
151,26.1288460808625,59.0035060473568,35.473945256729,5.33845825869739,1.33960024549258,18.7798970024015,3.08594656107039
152,26.3018847966298,59.3942577430347,35.7088720465086,5.3033368227849,1.33078708598276,18.6563450484383,3.06564428106334
153,26.4749235123971,59.7850094387125,35.9437988362883,5.26867449060984,1.32208913117242,18.5344081526969,3.04560739033744
154,26.6479622281644,60.1757611343904,36.178725626068,5.23446231859289,1.31350413681415,18.4140548530041,3.02583071897161
155,26.8210009439317,60.5665128300683,36.4136524158476,5.20069159395681,1.30502991657664,18.2952544991137,3.00630923046212
156,26.994039659699,60.9572645257461,36.6485792056273,5.16735382732888,1.29666434018833,18.1779772266835,2.98703801744634
157,27.1670783754663,61.348016221424,36.883505995407,5.13444074562615,1.2884053316521,18.062193932246,2.96801229758999
158,27.3401170912336,61.7387679171018,37.1184327851866,5.10194428521079,1.28025086752772,17.9478762491306,2.94922740963056
159,27.5131558070009,62.1295196127797,37.3533595749663,5.06985658530381,1.27219897527912,17.8349965242933,2.93067880956999
160,27.6861945227682,62.5202713084576,37.5882863647459,5.03816998164566,1.26424773168362,17.7235277960164,2.91236206701018
161,27.8592332385355,62.9110230041354,37.8232131545256,5.0068770003932,1.2563952613005,17.6134437724387,2.89427286162502
162,28.0322719543028,63.3017746998133,38.0581399443053,4.97597035224262,1.24863973499617,17.5047188108804,2.87640697976314
163,28.2053106700701,63.6925263954911,38.2930667340849,4.94544292676874,1.2409793685238,17.3973278979302,2.85876031117563
164,28.3783493858374,64.083278091169,38.5279935238646,4.91528778697137,1.23341242115476,17.2912466302599,2.84132884586359
165,28.5513881016047,64.4740297868469,38.7629203136443,4.88549816402003,1.22593719435988,17.1864511961371,2.82410867104017
166,28.724426817372,64.8647814825247,38.9978471034239,4.85606745218859,1.21855203053843,17.0829183576062,2.80709596820258
167,28.8974655331393,65.2555331782026,39.2327738932036,4.82698920397189,1.21125531179269,16.9806254333092,2.79028701030915
168,29.0705042489066,65.6462848738804,39.4677006829832,4.79825712537682,1.20404545874631,16.8795502819204,2.77367815905731
169,29.2435429646739,66.0370365695583,39.7026274727629,4.7698650713805,1.19692092940461,16.7796712861694,2.75726586225816
170,29.4165816804412,66.4277882652362,39.9375542625426,4.74180704154885,1.18988021805518,16.6809673374272,2.7410466513037
171,29.5896203962085,66.818539960914,40.1724810523222,4.7140771758088,1.1829218542069,16.5834178208341,2.72501713872297
172,29.7626591119758,67.2092916565919,40.4074078421019,4.68666975036805,1.17604440156616,16.4870026009455,2.70917401582342
173,29.9356978277431,67.6000433522697,40.6423346318816,4.65957917377633,1.16924645704844,16.3917020078765,2.69351405041404
174,30.1087365435104,67.9907950479476,40.8772614216612,4.63279998312244,1.16252664982402,16.2974968239232,2.67803408460706
175,30.2817752592777,68.3815467436255,41.1121882114409,4.60632684036174,1.15588364039646,16.2043682706436,2.66273103269502
176,30.454813975045,68.7722984393033,41.3471150012205,4.58015452876878,1.14931611971239,16.1122979963786,2.64760187910016
177,30.6278526908123,69.1630501349812,41.5820417910002,4.5542779495102,1.14282280830158,16.0212680641956,2.63264367639338
178,30.8008914065796,69.553801830659,41.8169685807799,4.52869211833317,1.13640245544595,15.9312609402395,2.61785354337993
179,30.9739301223469,69.9445535263369,42.0518953705595,4.50339216236483,1.13005383837642,15.8422594824728,2.60322866324932
180,31.1469688381142,70.3353052220148,42.2868221603392,4.47837331701836,1.12377576149655,15.7542469297924,2.58876628178682
181,31.3200075538815,70.7260569176926,42.5217489501188,4.45363092300169,1.11756705563193,15.6672068915062,2.57446370564436
182,31.4930462696488,71.1168086133705,42.7566757398985,4.42916042342475,1.11142657730429,15.5811233371573,2.56031830066829
183,31.6660849854161,71.5075603090483,42.9916025296782,4.40495736100167,1.1053532080294,15.495980586681,2.54632749028212
184,31.8391237011834,71.8983120047262,43.2265293194578,4.38101737534405,1.09934585363793,15.4117633008838,2.53248875392189
185,32.0121624169507,72.2890637004041,43.4614561092375,4.35733620034219,1.09340344361827,15.3284564722304,2.51879962552232
186,32.185201132718,72.6798153960819,43.6963828990172,4.33390966163067,1.08752493048054,15.2460454159281,2.50525769205177
187,32.3582398484853,73.0705670917598,43.9313096887968,4.31073367413532,1.08170928914107,15.1645157612975,2.49186059209427
188,32.5312785642526,73.4613187874376,44.1662364785765,4.28780423969843,1.07595551632649,15.0838534434182,2.47860601447675
189,32.7043172800199,73.8520704831155,44.4011632683561,4.26511744477939,1.07026262999672,15.0040446950404,2.46549169693983
190,32.8773559957872,74.2428221787934,44.6360900581358,4.24266945822792,1.06462966878621,14.9250760387507,2.45251542485068
191,33.0503947115545,74.6335738744712,44.8710168479155,4.22045652912725,1.05905569146272,14.8469342793855,2.43967502995617
192,33.2234334273218,75.0243255701491,45.1059436376951,4.19847498470471,1.05353977640302,14.7696064966804,2.42696838917515
193,33.3964721430891,75.4150772658269,45.3408704274748,4.17672122830728,1.04808102108487,14.6930800381483,2.41439342342813
194,33.5695108588564,75.8058289615048,45.5757972172545,4.15519173743972,1.04267854159474,14.6173425121785,2.40194809650324
195,33.7425495746237,76.1965806571827,45.8107240070341,4.1338830618631,1.03733147215067,14.5423817813468,2.38963041395707
196,33.915588290391,76.5873323528605,46.0456507968138,4.11279182175156,1.03203896463969,14.4681859559318,2.37743842204912
197,34.0886270061583,76.9780840485384,46.2805775865934,4.0919147059051,1.02680018816944,14.3947433876276,2.36537020670877
198,34.2616657219257,77.3688357442162,46.5155043763731,4.07124847001669,1.02161432863323,14.3220426634476,2.35342389253348
199,34.434704437693,77.7595874398941,46.7504311661528,4.05078993499148,1.01648058828834,14.2500725998122,2.34159764181723
200,34.6077431534603,78.150339135572,46.9853579559324,4.03053598531653,1.0113981853469,14.1788222368131,2.32988965360814
201,34.7807818692276,78.5410908312498,47.2202847457121,4.01048356747913,1.006366353579,14.1082808326499,2.31829816279417
202,34.9538205849949,78.9318425269277,47.4552115354917,3.9906296884322,1.00138434192762,14.0384378582308,2.30682143921598
203,35.1268593007622,79.3225942226055,47.6901383252714,3.97097141410495,0.996451414134876,13.9692829919341,2.29545778680605
204,35.2998980165295,79.7133459182834,47.9250651150511,3.95150586795738,0.991566848379313,13.9008061145227,2.28420554275308
205,35.4729367322968,80.1040976139613,48.1599919048307,3.9322302295771,0.986729936923804,13.8329973042079,2.27306307669087
206,35.6459754480641,80.4948493096391,48.3949186946104,3.91314173331702,0.981939985773689,13.7658468318574,2.26202878991082
207,35.8190141638314,80.885601005317,48.6298454843901,3.89423766697249,0.97719631434483,13.6993451563412,2.25110111459724
208,35.9920528795987,81.2763527009948,48.8647722741697,3.87551537049666,0.972498255141249,13.6334829200126,2.24027851308475
209,36.165091595366,81.6671043966727,49.0996990639494,3.85697223475266,0.967845153442009,13.5682509443188,2.22955947713698
210,36.3381303111333,82.0578560923505,49.3346258537291,3.83860570030145,0.963236366997047,13.5036402255363,2.21894252724585
211,36.5111690269006,82.4486077880284,49.5695526435087,3.8204132562242,0.958671265731658,13.4396419306286,2.20842621195085
212,36.6842077426679,82.8393594837063,49.8044794332884,3.80239243897785,0.954149231459339,13.3762473932199,2.19800910717749
213,36.8572464584352,83.2301111793841,50.039406223068,3.78454083128312,0.949669657602722,13.3134481096837,2.1876898155945
214,37.0302851742025,83.620862875062,50.2743330128477,3.76685606104348,0.945231948922336,13.2512357353394,2.17746696598892
215,37.2033238899698,84.0116145707399,50.5092598026274,3.74933580029444,0.94083552125293,13.1896020807564,2.16733921265874
216,37.3763626057371,84.4023662664177,50.744186592407,3.73197776418197,0.936479801247129,13.1285391081603,2.15730523482235
217,37.5494013215044,84.7931179620956,50.9791133821867,3.71477970996915,0.932164226126174,13.0680389279384,2.14736373604437
218,37.7224400372717,85.1838696577734,51.2140401719663,3.69773943607021,0.927888243437522,13.0080937952414,2.13751344367719
219,37.895478753039,85.5746213534513,51.448966961746,3.68085478111098,0.923651310819086,12.9486961066787,2.12775310831794
220,38.0685174688063,85.9653730491292,51.6838937515257,3.66412362301502,0.919452895769908,12.8898383971029,2.11808150328013
221,38.2415561845736,86.356124744807,51.9188205413053,3.6475438781145,0.915292475427058,12.8315133364825,2.10849742407977
222,38.4145949003409,86.7468764404849,52.153747331085,3.63111350028516,0.911169536348558,12.7737137268587,2.09899968793526
223,38.5876336161082,87.1376281361627,52.3886741208647,3.61483048010451,0.907083574302152,12.716432499384,2.08958713328084
224,38.7606723318755,87.5283798318406,52.6236009106443,3.59869284403261,0.903034094059731,12.6596627114403,2.08025861929298
225,38.9337110476428,87.9191315275184,52.858527700424,3.58269865361469,0.899020609197244,12.6033975438339,2.07101302542946
226,39.1067497634101,88.3098832231963,53.0934544902036,3.56684600470489,0.895042641899911,12.5476302980647,2.06184925098066
227,39.2797884791774,88.7006349188742,53.3283812799833,3.5511330267106,0.891099722772599,12.492354393668,2.05276621463272
228,39.4528271949447,89.091386614552,53.563308069763,3.5355578818566,0.887191390655175,12.4375633656256,2.04376285404223
229,39.625865910712,89.4821383102299,53.7982348595426,3.52011876446858,0.883317192442707,12.3832508618455,2.03483812542196
230,39.7989046264793,89.8728900059077,54.0331616493223,3.50481390027524,0.879476682910347,12.3294106407071,2.02599100313752
231,39.9719433422466,90.2636417015856,54.268088439102,3.48964154572859,0.87566942454277,12.2760365686694,2.01722047931441
232,40.1449820580139,90.6543933972635,54.5030152288816,3.47459998734183,0.871894987368017,12.2231226179424,2.00852556345529
233,40.3180207737812,91.0451450929413,54.7379420186613,3.45968754104423,0.868152948795622,12.1706628642173,1.99990528206707
234,40.4910594895485,91.4358967886192,54.9728688084409,3.44490255155259,0.864442893458888,12.1186514844557,1.99135867829756
235,40.6640982053158,91.8266484842971,55.2077955982206,3.43024339175875,0.860764413061191,12.0670827547346,1.9828848115814
236,40.8371369210831,92.2174001799749,55.4427223880003,3.41570846213265,0.857117106226186,12.0159510481467,1.97448275729504
237,41.0101756368504,92.6081518756528,55.6776491777799,3.40129619014053,0.853500578351814,11.9652508327537,1.96615160642037
238,41.1832143526177,92.9989035713306,55.9125759675596,3.38700502967775,0.849914441467983,11.9149766695909,1.95789046521693
239,41.356253068385,93.3896552670085,56.1475027573393,3.37283346051592,0.846358314097824,11.8651232107223,1.94969845490221
240,41.5292917841523,93.7804069626863,56.3824295471189,3.35877998776377,0.842831821122416,11.8156851973443,1.94157471134012
241,41.7023304999196,94.1711586583642,56.6173563368986,3.34484314134152,0.839334593648879,11.7666574579362,1.93351838473705
242,41.8753692156869,94.5619103540421,56.8522831266782,3.3310214754682,0.835866268881735,11.7180349064571,1.92552863934557
243,42.0484079314542,94.9526620497199,57.0872099164579,3.31731356816175,0.832426489997448,11.6698125405869,1.91760465317543
244,42.2214466472215,95.3434137453978,57.3221367062376,3.30371802075125,0.829014906022049,11.6219854400108,1.90974561771159
245,42.3944853629888,95.7341654410756,57.5570634960172,3.29023345740125,0.825631171711755,11.5745487647454,1.9019507376393
246,42.5675240787561,96.1249171367535,57.7919902857969,3.27685852464758,0.822274947436504,11.5274977535066,1.89421923057573
247,42.7405627945234,96.5156688324314,58.0269170755765,3.26359189094456,0.818945899066315,11.4808277221159,1.88655032680821
248,42.9136015102907,96.9064205281092,58.2618438653562,3.250432246223,0.815643697860403,11.4345340619461,1.87894326903882
249,43.086640226058,97.2971722237871,58.4967706551359,3.23737830145906,0.812368020358955,11.3886122384041,1.87139731213505
250,43.2596789418253,97.687923919465,58.7316974449155,3.22442878825322,0.809118548277519,11.3430577894505,1.86391172288651
251,43.4327176575926,98.0786756151428,58.9666242346952,3.21158245841954,0.805894968403904,11.2978663241539,1.85648577976744
252,43.6057563733599,98.4694273108207,59.2015510244749,3.19883808358454,0.802696972497539,11.2530335212803,1.84911877270487
253,43.7787950891272,98.8601790064985,59.4364778142545,3.18619445479567,0.799524257191225,11.2085551279155,1.84181000285229
254,43.9518338048945,99.2509307021764,59.6714046040342,3.173650382139,0.796376523895196,11.1644269581206,1.83455878236862
255,44.1248725206618,99.6416823978542,59.9063313938138,3.1612046943659,0.793253478703451,11.1206448916182,1.82736443420246
256,44.2979112364291,100.032434093532,60.1412581835935,3.14885623852854,0.790154832302265,11.0772048725103,1.82022629188136
257,44.4709499521964,100.42318578921,60.3761849733732,3.13660387962376,0.787080299880855,11.0341029080258,1.81314369930595
258,44.6439886679637,100.813937484888,60.6111117631528,3.12444650024537,0.784029601044108,10.991335067297,1.80611601054895
259,44.817027383731,101.204689180566,60.8460385529325,3.11238300024442,0.781002459727335,10.9488974801646,1.7991425896588
260,44.9900660994983,101.595440876244,61.0809653427122,3.10041229639733,0.777998604112999,10.9067863360101,1.7922228104678
261,45.1631048152656,101.986192571921,61.3158921324918,3.08853332208163,0.775017766549348,10.8649978826154,1.78535605640471
262,45.3361435310329,102.376944267599,61.5508189222715,3.07674502695918,0.772059683470915,10.8235284250482,1.77854172031156
263,45.5091822468002,102.767695963277,61.7857457120511,3.06504637666656,0.769124095320836,10.7823743245727,1.77177920426475
264,45.6822209625675,103.158447658955,62.0206725018308,3.05343635251252,0.766210746474924,10.7415319975857,1.76506791940011
265,45.8552596783348,103.549199354633,62.2555992916105,3.04191395118228,0.763319385167471,10.700997914576,1.75840728574199
266,46.0282983941021,103.939951050311,62.4905260813901,3.03047818444852,0.760449763418721,10.6607685991076,1.7517967320362
267,46.2013371098694,104.330702745989,62.7254528711698,3.01912807888878,0.757601636963969,10.6208406268263,1.74523569558662
268,46.3743758256367,104.721454441666,62.9603796609494,3.00786267560935,0.754774765184253,10.5812106244874,1.73872362209563
269,46.547414541404,105.112206137344,63.1953064507291,2.99668102997511,0.751968911038587,10.5418752690061,1.73225996550791
270,46.7204532571713,105.502957833022,63.4302332405088,2.98558221134557,0.749183840997703,10.5028312865283,1.72584418785788
271,46.8934919729386,105.8937095287,63.6651600302884,2.97456530281662,0.746419324979261,10.4640754515226,1.7194757591204
272,47.0665306887059,106.284461224378,63.9000868200681,2.96362940096803,0.743675136284485,10.425604585892,1.71315415706481
273,47.2395694044732,106.675212920056,64.1350136098478,2.9527736156165,0.74095105153619,10.3874155581049,1.70687886711219
274,47.4126081202405,107.065964615734,64.3699403996274,2.94199706957411,0.738246850618175,10.3495052823454,1.70064938219572
275,47.5856468360078,107.456716311411,64.6048671894071,2.93129889841202,0.735562316615927,10.3118707176823,1.6944652026241
276,47.7586855517751,107.847468007089,64.8397939791868,2.92067825022937,0.732897235758623,10.2745088672559,1.68832583594793
277,47.9317242675424,108.238219702767,65.0747207689664,2.91013428542709,0.730251397362382,10.2374167774824,1.68223079682898
278,48.1047629833097,108.628971398445,65.3096475587461,2.89966617648671,0.727624593774748,10.2005915372756,1.67617960691233
279,48.2778016990771,109.019723094123,65.5445743485257,2.88927310775378,0.725016620320358,10.1640302772854,1.67017179470118
280,48.4508404148444,109.410474789801,65.7795011383054,2.87895427522609,0.722427275247785,10.1277301691522,1.66420689543439
281,48.6238791306117,109.801226485479,66.0144279280851,2.86870888634628,0.719856359677508,10.091688424778,1.65828445096665
282,48.796917846379,110.191978181156,66.2493547178647,2.85853615979895,0.717303677550992,10.0559022956122,1.65240400965116
283,48.9699565621463,110.582729876834,66.4842815076444,2.84843532531203,0.714769035580848,10.0203690719528,1.64656512622484
284,49.1429952779136,110.973481572512,66.719208297424,2.83840562346234,0.712252243202042,9.98508608226278,1.64076736169587
285,49.3160339936809,111.36423326819,66.9541350872037,2.82844630548528,0.70975311252414,9.95005069250045,1.63501028323378
286,49.4890727094482,111.754984963868,67.1890618769834,2.81855663308848,0.707271458284545,9.91526030546374,1.62929346406164
287,49.6621114252155,112.145736659546,67.423988666763,2.80873587826936,0.704807097802717,9.88071236014853,1.62361648335062
288,49.8351501409828,112.536488355224,67.6589154565427,2.79898332313648,0.702359850935347,9.84640433112024,1.61797892611677
289,50.0081888567501,112.927240050901,67.8938422463224,2.78929825973462,0.699929540032456,9.81233372789837,1.61238038311982
290,50.1812275725174,113.317991746579,68.128769036102,2.77967998987347,0.697515989894413,9.77849809435389,1.60682045076424
291,50.3542662882847,113.708743442257,68.3636958258817,2.77012782495981,0.695119027729828,9.744895008119,1.60129873100216
292,50.527305004052,114.099495137935,68.5986226156613,2.76064108583324,0.692738483114315,9.711522080009,1.59581483123845
293,50.7003437198193,114.490246833613,68.833549405441,2.75121910260514,0.690374187950102,9.67837695345607,1.59036836423764
294,50.8733824355866,114.880998529291,69.0684761952207,2.74186121450104,0.688025976426462,9.64545730395452,1.58495894803275
295,51.0464211513539,115.271750224969,69.3034029850003,2.73256676970612,0.685693684980949,9.61276083851739,1.57958620583603
296,51.2194598671212,115.662501920646,69.53832977478,2.72333512521387,0.683377152261418,9.58028529514402,1.57424976595145
297,51.3924985828885,116.053253616324,69.7732565645597,2.7141656466778,0.681076219088821,9.54802844229841,1.56894926168898
298,51.5655372986558,116.444005312002,70.0081833543393,2.70505770826612,0.678790728420738,9.51598807839808,1.56368433128063
299,51.7385760144231,116.83475700768,70.243110144119,2.69601069251942,0.676520525315652,9.48416203131314,1.55845461779809
300,51.9116147301904,117.225508703358,70.4780369338986,2.68702399021102,0.674265456897933,9.45254815787543,1.55325976907209
301,52.0846534459577,117.616260399036,70.7129637236783,2.67809700021032,0.672025372323521,9.42114434339744,1.54809943761338
302,52.257692161725,118.007012094714,70.947890513458,2.66922912934869,0.669800122746291,9.38994850120076,1.54297328053519
303,52.4307308774923,118.397763790392,71.1828173032376,2.66041979228814,0.667589561285082,9.35895857215389,1.53788095947732
304,52.6037695932596,118.788515486069,71.4177440930173,2.65166841139245,0.665393542991381,9.32817252421917,1.53282214053167
305,52.7768083090269,119.179267181747,71.652670882797,2.642974416601,0.663211924817639,9.29758835200862,1.52779649416927
306,52.9498470247942,119.570018877425,71.8875976725766,2.63433724530492,0.661044565586209,9.26720407634846,1.52280369516872
307,53.1228857405615,119.960770573103,72.1225244623563,2.62575634222575,0.658891325958892,9.23701774385221,1.51784342254602
308,53.2959244563288,120.351522268781,72.3574512521359,2.61723115929645,0.656752068407077,9.20702742650204,1.51291535948581
309,53.4689631720961,120.742273964459,72.5923780419156,2.60876115554468,0.654626657182459,9.17723122123828,1.50801919327388
310,53.6420018878634,121.133025660137,72.8273048316953,2.6003457969784,0.652514958288322,9.14762724955687,1.50315461523106
311,53.8150406036307,121.523777355814,73.0622316214749,2.59198455647365,0.650416839451382,9.11821365711456,1.49832132064832
312,53.988079319398,121.914529051492,73.2971584112546,2.58367691366444,0.648332170094166,9.08898861334176,1.49351900872317
313,54.1611180351653,122.30528074717,73.5320852010342,2.57542235483484,0.646260821307923,9.05995031106271,1.48874738249722
314,54.3341567509326,122.696032442848,73.7670119908139,2.56722037281307,0.64420266582605,9.03109696612302,1.48400614879499
315,54.5071954666999,123.086784138526,74.0019387805936,2.55907046686764,0.642157577998031,9.00242681702422,1.4792950181639
316,54.6802341824672,123.477535834204,74.2368655703732,2.5509721426054,0.64012543376386,8.97393812456528,1.47461370481528
317,54.8532728982345,123.868287529882,74.4717923601529,2.54292491187163,0.638106110628959,8.94562917149094,1.46996192656665
318,55.0263116140018,124.259039225559,74.7067191499326,2.5349282926519,0.636099487639559,8.91749826214663,1.465339404785
319,55.1993503297691,124.649790921237,74.9416459397122,2.52698180897588,0.634105445358558,8.8895437221399,1.46074586433112
320,55.3723890455364,125.040542616915,75.1765727294919,2.51908499082283,0.632123865841812,8.86176389800822,1.45618103350509
321,55.5454277613037,125.431294312593,75.4114995192715,2.51123737402899,0.630154632614891,8.83415715689292,1.45164464399261
322,55.718466477071,125.822046008271,75.6464263090512,2.5034385001966,0.628197630650248,8.80672188621934,1.44713643081251
323,55.8915051928383,126.212797703949,75.8813530988309,2.49568791660466,0.626252746344829,8.77945649338275,1.4426561322651
324,56.0645439086056,126.603549399627,76.1162798886105,2.48798517612131,0.624319867498086,8.75235940544021,1.43820348988157
325,56.2375826243729,126.994301095304,76.3512066783902,2.48032983711786,0.6223988832904,8.72542906880809,1.43377824837424
326,56.4106213401402,127.385052790982,76.5861334681699,2.47272146338437,0.620489684261901,8.69866394896512,1.42938015558782
327,56.5836600559075,127.77580448666,76.8210602579495,2.4651596240468,0.618592162291681,8.67206253016094,1.42500896245146
328,56.7566987716748,128.166556182338,77.0559870477292,2.45764389348569,0.616706210577378,8.64562331512997,1.42066442293179
329,56.9297374874421,128.557307878016,77.2909138375088,2.45017385125625,0.614831723615136,8.61934482481042,1.41634629398671
330,57.1027762032094,128.948059573694,77.5258406272885,2.44274908201002,0.612968597179939,8.59322559806857,1.41205433552009
331,57.2758149189767,129.338811269372,77.7607674170682,2.43536917541784,0.611116728306283,8.56726419142788,1.40778831033725
332,57.448853634744,129.729562965049,77.9956942068478,2.42803372609429,0.609276015269216,8.5414591788031,1.40354798410129
333,57.6218923505113,130.120314660727,78.2306209966275,2.42074233352344,0.607446357565705,8.51580915123913,1.39933312529018
334,57.7949310662786,130.511066356405,78.4655477864072,2.41349460198594,0.605627655896347,8.49031271665458,1.39514350515458
335,57.9679697820459,130.901818052083,78.7004745761868,2.40629014048748,0.603819812147403,8.46496849958994,1.3909788976765
336,58.1410084978132,131.292569747761,78.9354013659665,2.39912856268841,0.602022729373154,8.4397751409602,1.38683907952866
337,58.3140472135805,131.683321443439,79.1703281557461,2.39200948683473,0.600236311778575,8.41473129781195,1.38272383003451
338,58.4870859293478,132.074073139117,79.4052549455258,2.38493253569025,0.598460464702307,8.3898356430847,1.37863293112908
339,58.6601246451151,132.464824834794,79.6401817353055,2.37789733646993,0.596695094599941,8.36508686537648,1.37456616732044
340,58.8331633608824,132.855576530472,79.8751085250851,2.37090352077443,0.594940109027588,8.34048366871361,1.37052332565185
341,59.0062020766497,133.24632822615,80.1100353148648,2.36395072452582,0.593195416625747,8.31602477232442,1.3665041956646
342,59.179240792417,133.637079921828,80.3449621046445,2.3570385879044,0.59146092710345,8.29170891041704,1.36250856936149
343,59.3522795081843,134.027831617506,80.5798888944241,2.3501667552866,0.589736551222682,8.26753483196102,1.35853624117093
344,59.5253182239516,134.418583313184,80.8148156842038,2.34333487518403,0.588022200783081,8.24350130047276,1.35458700791171
345,59.6983569397189,134.809335008862,81.0497424739834,2.33654260018349,0.586317788606898,8.21960709380472,1.35066066875834
346,59.8713956554862,135.200086704539,81.2846692637631,2.32978958688817,0.584623228524219,8.19585100393823,1.34675702520702
347,60.0444343712535,135.590838400217,81.5195960535428,2.32307549585967,0.582938435358443,8.17223183677991,1.34287588104216
348,60.2174730870208,135.981590095895,81.7545228433224,2.31639999156122,0.581263324912011,8.14874841196158,1.33901704230353
349,60.3905118027881,136.372341791573,81.9894496331021,2.30976274230173,0.579597813952378,8.12539956264363,1.33518031725395
350,60.5635505185554,136.763093487251,82.2243764228817,2.30316342018087,0.577941820198228,8.1021841353218,1.33136551634751
351,60.7365892343227,137.153845182929,82.4593032126614,2.29660170103506,0.576295262305926,8.07910098963712,1.32757245219837
352,60.90962795009,137.544596878607,82.6942300024411,2.29007726438439,0.574658059856193,8.05614899818929,1.32380093955008
353,61.0826666658573,137.935348574284,82.9291567922207,2.28358979338047,0.573030133341019,8.03332704635306,1.32005079524541
354,61.2557053816246,138.326100269962,83.1640835820004,2.2771389747551,0.571411404150791,8.01063403209782,1.31632183819669
355,61.4287440973919,138.71685196564,83.3990103717801,2.27072449876987,0.569801794561633,7.98806886581022,1.3126138893567
356,61.6017828131592,139.107603661318,83.6339371615597,2.26434605916659,0.568201227722977,7.96563047011974,1.30892677168997
357,61.7748215289266,139.498355356996,83.8688639513394,2.2580033531185,0.566609627645322,7.94331777972725,1.30526031014462
358,61.9478602446938,139.889107052674,84.103790741119,2.25169608118242,0.565026919188212,7.92112974123639,1.30161433162466
359,62.1208989604612,140.279858748352,84.3387175308987,2.24542394725155,0.563453028048412,7.89906531298782,1.29798866496275
360,62.2939376762285,140.67061044403,84.5736443206784,2.23918665850918,0.561887880748277,7.87712346489619,1.29438314089341
361,62.4669763919958,141.061362139707,84.808571110458,2.23298392538312,0.560331404624321,7.85530317828983,1.29079759202667
362,62.6400151077631,141.452113835385,85.0434979002377,2.22681546150084,0.558783527815966,7.83360344575312,1.28723185282218
363,62.8130538235304,141.842865531063,85.2784246900174,2.22068098364547,0.55724417925449,7.81202327097143,1.28368575956371
364,62.9860925392977,142.233617226741,85.513351479797,2.21458021171238,0.555713288652143,7.79056166857865,1.28015915033414
365,63.159131255065,142.624368922419,85.7482782695767,2.20851286866659,0.554190786491452,7.7692176640072,1.27665186499076
366,63.3321699708323,143.015120618097,85.9832050593563,2.20247868050083,0.552676604014699,7.74799029334052,1.27316374514106
367,63.5052086865996,143.405872313775,86.218131849136,2.19647737619429,0.551170673213569,7.72687860316793,1.26969463411888
368,63.6782474023669,143.796624009452,86.4530586389157,2.19050868767203,0.549672926818967,7.70588165044192,1.26624437696095
369,63.8512861181342,144.18737570513,86.6879854286953,2.18457234976505,0.548183298291002,7.68499850233775,1.26281282038382
370,64.0243248339015,144.578127400808,86.922912218475,2.1786681001711,0.546701721809135,7.66422823611521,1.25939981276116
371,64.1973635496688,144.968879096486,87.1578390082547,2.17279567941592,0.545228132262479,7.64356993898283,1.25600520410142
372,64.3704022654361,145.359630792164,87.3927657980343,2.16695483081534,0.543762465240268,7.62302270796406,1.25262884602588
373,64.5434409812034,145.750382487842,87.627692587814,2.16114530043782,0.542304657022466,7.60258564976576,1.24927059174699
374,64.7164796969707,146.14113418352,87.8626193775936,2.15536683706766,0.540854644570534,7.58225788064874,1.24593029604713
375,64.889518412738,146.531885879197,88.0975461673733,2.14961919216881,0.539412365518346,7.56203852630034,1.24260781525768
376,65.0625571285053,146.922637574875,88.332472957153,2.14390211984922,0.537977758163244,7.54192672170912,1.23930300723837
377,65.2355958442726,147.313389270553,88.5673997469326,2.13821537682574,0.536550761457241,7.52192161104145,1.2360157313571
378,65.4086345600399,147.704140966231,88.8023265367123,2.1325587223897,0.535131314998359,7.50202234752018,1.23274584846992
379,65.5816732758072,148.094892661909,89.0372533264919,2.12693191837284,0.53371935902211,7.48222809330509,1.22949322090139
380,65.7547119915745,148.485644357587,89.2721801162716,2.12133472911396,0.532314834393105,7.46253801937534,1.22625771242534
381,65.9277507073418,148.876396053265,89.5071069060513,2.115766921426,0.530917682596798,7.44295130541372,1.22303918824574
382,66.1007894231091,149.267147748942,89.7420336958309,2.11022826456363,0.529527845731361,7.42346713969274,1.21983751497808
383,66.2738281388764,149.65789944462,89.9769604856106,2.1047185301914,0.528145266499686,7.40408471896248,1.21665256063088
384,66.4468668546437,150.048651140298,90.2118872753903,2.09923749235236,0.52676988820151,7.38480324834018,1.21348419458757
385,66.619905570411,150.439402835976,90.4468140651699,2.09378492743716,0.525401654725662,7.36562194120163,1.21033228758865
386,66.7929442861783,150.830154531654,90.6817408549496,2.08836061415364,0.524040510542435,7.34654001907417,1.20719671171406
387,66.9659830019456,151.220906227332,90.9166676447292,2.08296433349691,0.522686400696072,7.32755671153134,1.20407734036596
388,67.1390217177129,151.61165792301,91.1515944345089,2.07759586871986,0.521339270797371,7.30867125608925,1.20097404825162
389,67.3120604334802,152.002409618687,91.3865212242886,2.07225500530413,0.519999067016401,7.28988289810444,1.19788671136665
390,67.4850991492475,152.393161314365,91.6214480140682,2.06694153093155,0.518665736075333,7.27119089067341,1.19481520697853
391,67.6581378650148,152.783913010043,91.8563748038479,2.06165523545602,0.517339225241381,7.25259449453358,1.1917594136103
392,67.8311765807821,153.174664705721,92.0913015936276,2.05639591087578,0.516019482319847,7.23409297796589,1.18871921102456
393,68.0042152965494,153.565416401399,92.3262283834072,2.05116335130612,0.514706455647277,7.2156856166988,1.18569448020771
394,68.1772540123167,153.956168097077,92.5611551731869,2.04595735295255,0.51340009408472,7.19737169381378,1.18268510335439
395,68.350292728084,154.346919792755,92.7960819629665,2.04077771408432,0.512100347011088,7.17915049965222,1.17969096385222
396,68.5233314438513,154.737671488432,93.0310087527462,2.03562423500835,0.510807164316616,7.16102133172381,1.17671194626674
397,68.6963701596186,155.12842318411,93.2659355425259,2.03049671804359,0.509520496396423,7.14298349461619,1.17374793632652
398,68.8694088753859,155.519174879788,93.5008623323055,2.02539496749574,0.50824029414417,7.1250362999061,1.17079882090861
399,69.0424475911532,155.909926575466,93.7357891220852,2.02031878963234,0.506966508945814,7.10717906607175,1.16786448802413
400,69.2154863069205,156.300678271144,93.9707159118649,2.01526799265826,0.50569909267345,7.08941111840657,1.16494482680407
401,69.3885250226878,156.691429966822,94.2056427016445,2.01024238669153,0.504437997679252,7.07173178893424,1.16203972748536
402,69.5615637384551,157.0821816625,94.4405694914242,2.00524178373957,0.503183176789502,7.05414041632495,1.15914908139709
403,69.7346024542224,157.472933358177,94.6754962812038,2.0002659976757,0.501934583298709,7.03663634581297,1.15627278094697
404,69.9076411699897,157.863685053855,94.9104230709835,1.9953148442161,0.500692170963811,7.01921892911542,1.15341071960799
405,70.080679885757,158.254436749533,95.1453498607632,1.99038814089705,0.499455893998469,7.00188752435217,1.15056279190526
406,70.2537186015243,158.645188445211,95.3802766505428,1.98548570705248,0.498225707067438,6.98464149596707,1.14772889340303
407,70.4267573172916,159.035940140889,95.6152034403225,1.9806073637919,0.497001565281032,6.96748021465019,1.14490892069196
408,70.5997960330589,159.426691836567,95.8501302301022,1.97575293397869,0.495783424189656,6.95040305726134,1.14210277137654
409,70.7728347488262,159.817443532245,96.0850570198818,1.97092224220857,0.494571239778435,6.93340940675459,1.13931034406266
410,70.9458734645935,160.208195227923,96.3199838096615,1.96611511478855,0.493364968461902,6.91649865210397,1.13653153834544
411,71.1189121803608,160.5989469236,96.5549105994411,1.96133137971607,0.492164567078783,6.89967018823024,1.13376625479715
412,71.2919508961281,160.989698619278,96.7898373892208,1.95657086665851,0.490969992886844,6.88292341592871,1.13101439495541
413,71.4649896118954,161.380450314956,97.0247641790005,1.95183340693294,0.489781203557821,6.86625774179813,1.12827586131145
414,71.6380283276627,161.771202010634,97.2596909687801,1.94711883348624,0.488598157172415,6.8496725781706,1.12555055729862
415,71.81106704343,162.161953706312,97.4946177585598,1.94242698087543,0.487420812215373,6.83316734304248,1.12283838728103
416,71.9841057591973,162.55270540199,97.7295445483394,1.93775768524833,0.486249127570625,6.81674146000632,1.12013925654238
417,72.1571444749646,162.943457097668,97.9644713381191,1.93311078432447,0.485083062516499,6.80039435818376,1.11745307127489
418,72.3301831907319,163.334208793345,98.1993981278988,1.92848611737633,0.483922576721004,6.7841254721594,1.11477973856849
419,72.5032219064992,163.724960489023,98.4343249176784,1.92388352521075,0.482767630237183,6.76793424191558,1.11211916640007
420,72.6762606222665,164.115712184701,98.6692517074581,1.91930285015073,0.481618183498523,6.75182011276816,1.10947126362292
421,72.8492993380338,164.506463880379,98.9041784972378,1.91474393601735,0.480474197314442,6.73578253530316,1.10683593995636
422,73.0223380538011,164.897215576057,99.1391052870174,1.9102066281121,0.479335632865829,6.71982096531429,1.10421310597542
423,73.1953767695684,165.287967271735,99.3740320767971,1.9056907731993,0.478202451700662,6.70393486374144,1.10160267310078
424,73.3684154853357,165.678718967413,99.6089588665767,1.90119621948893,0.477074615729669,6.68812369660997,1.09900455358875
425,73.541454201103,166.06947066309,99.8438856563564,1.89672281661954,0.47595208722207,6.67238693497089,1.09641866052148
426,73.7144929168703,166.460222358768,100.078812446136,1.89227041564156,0.474834828801361,6.65672405484185,1.09384490779725
427,73.8875316326376,166.850974054446,100.313739235916,1.88783886900071,0.473722803441171,6.64113453714901,1.09128321012091
428,74.0605703484049,167.241725750124,100.548666025695,1.88342803052174,0.472615974461168,6.62561786766969,1.08873348299446
429,74.2336090641722,167.632477445802,100.783592815475,1.87903775539232,0.47151430552303,6.61017353697582,1.08619564270776
430,74.4066477799395,168.02322914148,101.018519605255,1.87466790014722,0.470417760626465,6.59480104037821,1.08366960632937
431,74.5796864957068,168.413980837158,101.253446395034,1.87031832265268,0.46932630410529,6.57949987787153,1.08115529169751
432,74.7527252114741,168.804732532835,101.488373184814,1.86598888209098,0.468239900623564,6.56426955408016,1.07865261741118
433,74.9257639272414,169.195484228513,101.723299974594,1.86167943894528,0.467158515171778,6.54910957820468,1.07616150282131
434,75.0988026430088,169.586235924191,101.958226764373,1.85738985498457,0.466082113063087,6.53401946396919,1.07368186802219
435,75.271841358776,169.976987619869,102.193153554153,1.85311999324898,0.465010659929609,6.51899872956926,1.07121363384282
436,75.4448800745433,170.367739315547,102.428080343933,1.8488697180351,0.463944121718761,6.50404689762071,1.0687567218386
437,75.6179187903107,170.758491011225,102.663007133712,1.84463889488171,0.462882464689656,6.48916349510899,1.0663110542829
438,75.790957506078,171.149242706903,102.897933923492,1.84042739055549,0.461825655409543,6.47434805333933,1.06387655415897
439,75.9639962218452,171.53999440258,103.132860713272,1.83623507303714,0.460773660750296,6.45960010788754,1.06145314515177
440,76.1370349376126,171.930746098258,103.367787503051,1.83206181150751,0.459726447884954,6.44491919855143,1.05904075164006
441,76.3100736533799,172.321497793936,103.602714292831,1.82790747633403,0.458683984284308,6.43030486930301,1.0566392986885
442,76.4831123691472,172.712249489614,103.837641082611,1.82377193905725,0.457646237713529,6.41575666824124,1.05424871203988
443,76.6561510849145,173.103001185292,104.07256787239,1.81965507237766,0.456613176228848,6.40127414754544,1.05186891810751
444,76.8291898006818,173.49375288097,104.30749466217,1.81555675014258,0.455584768174279,6.38685686342934,1.04949984396763
445,77.0022285164491,173.884504576648,104.54242145195,1.81147684733327,0.454560982178382,6.37250437609579,1.04714141735197
446,77.1752672322164,174.275256272325,104.777348241729,1.80741524005225,0.453541787151076,6.35821624969199,1.04479356664042
447,77.3483059479837,174.666007968003,105.012275031509,1.80337180551075,0.452527152280492,6.34399205226539,1.04245622085375
448,77.521344663751,175.056759663681,105.247201821289,1.79934642201631,0.451517047029866,6.32983135572015,1.04012930964649
449,77.6943833795183,175.447511359359,105.482128611068,1.79533896896059,0.450511441134476,6.31573373577423,1.03781276329984
450,77.8674220952856,175.838263055037,105.717055400848,1.79134932680735,0.449510304598622,6.30169877191695,1.03550651271473
451,78.0404608110529,176.229014750715,105.951982190628,1.7873773770805,0.448513607692638,6.28772604736725,1.03321048940494
452,78.2134995268202,176.619766446393,106.186908980407,1.78342300235245,0.447521320949955,6.27381514903236,1.03092462549033
453,78.3865382425875,177.01051814207,106.421835770187,1.77948608623246,0.446533415164194,6.25996566746717,1.02864885369013
454,78.5595769583548,177.401269837748,106.656762559967,1.7755665133553,0.445549861386299,6.24617719683398,1.02638310731636
455,78.7326156741221,177.792021533426,106.891689349746,1.7716641693699,0.444570630921714,6.23244933486292,1.02412732026732
456,78.9056543898894,178.182773229104,107.126616139526,1.7677789409283,0.443595695327587,6.21878168281278,1.02188142702111
457,79.0786931056567,178.573524924782,107.361542929306,1.76391071567463,0.442625026410022,6.20517384543245,1.01964536262938
458,79.251731821424,178.96427662046,107.596469719085,1.76005938223429,0.441658596221353,6.19162543092277,1.01741906271098
459,79.4247705371913,179.355028316138,107.831396508865,1.75622483020328,0.440696377057472,6.17813605089897,1.01520246344581
460,79.5978092529586,179.745780011815,108.066323298645,1.75240695013762,0.439738341455174,6.16470532035354,1.01299550156876
461,79.7708479687259,180.136531707493,108.301250088424,1.74860563354296,0.438784462189544,6.15133285761958,1.01079811436362
462,79.9438866844932,180.527283403171,108.536176878204,1.7448207728643,0.437834712271385,6.13801828433469,1.0086102396572
463,80.1169254002605,180.918035098849,108.771103667984,1.74105226147582,0.436889064944665,6.12476122540525,1.00643181581345
464,80.2899641160278,181.308786794527,109.006030457763,1.73729999367092,0.435947493684008,6.11156130897118,1.00426278172765
465,80.4630028317951,181.699538490205,109.240957247543,1.73356386465227,0.435009972192215,6.09841816637124,1.00210307682071
466,80.6360415475624,182.090290185883,109.475884037323,1.72984377052211,0.434076474397811,6.08533143210864,0.999952641033537
467,80.8090802633297,182.481041881561,109.710810827102,1.7261396082726,0.433146974452634,6.07230074381719,0.997811414821474
468,80.982118979097,182.871793577238,109.945737616882,1.72245127577629,0.432221446729444,6.05932574222784,0.995679339148778
469,81.1551576948643,183.262545272916,110.180664406662,1.71877867177677,0.431299865819573,6.04640607113567,0.993556355483216
470,81.3281964106316,183.653296968594,110.415591196441,1.71512169587937,0.430382206530595,6.0335413773673,0.991442405790699
471,81.5012351263989,184.044048664272,110.650517986221,1.71148024854205,0.429468443884034,6.02073131074868,0.989337432529997
472,81.6742738421662,184.43480035995,110.885444776001,1.70785423106632,0.428558553113093,6.00797552407337,0.987241378647518
473,81.8473125579335,184.825552055628,111.12037156578,1.70424354558838,0.427652509660423,5.9952736730711,0.985154187572153
474,82.0203512737008,185.216303751306,111.35529835556,1.70064809507026,0.426750289175907,5.98262541637685,0.983075803210186
475,82.1933899894681,185.607055446983,111.59022514534,1.69706778329117,0.425851867514484,5.97003041550027,0.98100616994027
476,82.3664287052354,185.997807142661,111.825151935119,1.69350251483888,0.424957220733991,5.95748833479544,0.978945232608463
477,82.5394674210027,186.388558838339,112.060078724899,1.68995219510127,0.42406632509304,5.94499884143109,0.97689293652333
478,82.71250613677,186.779310534017,112.295005514679,1.68641673025796,0.423179157048912,5.93256160536115,0.974849227451105
479,82.8855448525373,187.170062229695,112.529932304458,1.68289602727204,0.42229569325549,5.92017629929568,0.972814051610915
480,83.0585835683046,187.560813925373,112.764859094238,1.67938999388189,0.421415910561208,5.90784259867214,0.970787355670059
481,83.2316222840719,187.951565621051,112.999785884017,1.67589853859315,0.420539786007027,5.89556018162709,0.968769086739352
482,83.4046609998392,188.342317316728,113.234712673797,1.67242157067076,0.41966729682444,5.88332872896811,0.966759192368524
483,83.5776997156065,188.733069012406,113.469639463577,1.66895900013107,0.418798420433499,5.87114792414623,0.964757620541674
484,83.7507384313738,189.123820708084,113.704566253356,1.6655107377341,0.417933134440867,5.85901745322857,0.962764319672786
485,83.9237771471411,189.514572403762,113.939493043136,1.66207669497589,0.417071416637897,5.8469370048714,0.960779238601296
486,84.0968158629084,189.90532409944,114.174419832916,1.65865678408088,0.416213244998724,5.83490627029347,0.958802326587713
487,84.2698545786757,190.296075795118,114.409346622695,1.65525091799447,0.415358597678398,5.82292494324975,0.956833533309298
488,84.442893294443,190.686827490796,114.644273412475,1.65185901037563,0.414507453011024,5.81099272000539,0.954872808855796
489,84.6159320102103,191.077579186473,114.879200202255,1.64848097558958,0.413659789507934,5.79910929931008,0.952920103725211
490,84.7889707259776,191.468330882151,115.114126992034,1.64511672870062,0.412815585855877,5.78727438237271,0.95097536881965
491,84.9620094417449,191.859082577829,115.349053781814,1.64176618546498,0.411974820915234,5.77548767283631,0.949038555441198
492,85.1350481575122,192.249834273507,115.583980571594,1.63842926232379,0.411137473718252,5.76374887675331,0.947109615287863
493,85.3080868732795,192.640585969185,115.818907361373,1.63510587639616,0.410303523467302,5.75205770256111,0.94518850044955
494,85.4811255890468,193.031337664863,116.053834151153,1.63179594547228,0.409472949533158,5.74041386105795,0.943275163404106
495,85.6541643048141,193.422089360541,116.288760940933,1.62849938800668,0.408645731453293,5.72881706537905,0.941369557013391
496,85.8272030205814,193.812841056218,116.523687730712,1.6252161231115,0.407821848930201,5.71726703097304,0.939471634519412
497,86.0002417363487,194.203592751896,116.758614520492,1.62194607054991,0.407001281829738,5.70576347557873,0.9375813495405
498,86.173280452116,194.594344447574,116.993541310272,1.61868915072953,0.406184010179478,5.69430611920207,0.935698656067527
499,86.3463191678833,194.985096143252,117.228468100051,1.615445284696,0.405370014167094,5.68289468409344,0.933823508460177
500,86.5193578836506,195.37584783893,117.463394889831,1.61221439412661,0.40455927413876,5.67152889472526,0.931955861443257
